,Name,Overview,Rank,Academics,Cost,Student,Admission,Deadline,Accept rate,Housing and dorm,Student Activities,After college,Link
0,Princeton University,"Princeton University is a private institution that was founded in 1746. It has a total undergraduate enrollment of 5,604 (fall 2022), its setting is suburban, and the campus size is 690 acres. It utilizes a semester-based academic calendar. Princeton University's ranking in the 2024 edition of Best Colleges is National Universities, #1. Its tuition and fees are $59,710.",['#1 in National Universities #2 in Best Value Schools #12 in Engineering Programs (doctorate)'],"['88% 4-Year Graduation Rate', '5:1 Student/Faculty Ratio', '74% Classes With Fewer Than 20 Students']","$11,080","5,604","SAT Range : 1500-1580 , ACT Range : 34-35 , High School GPA : 3.9",Jan. 1 Application Deadline,6% Acceptance Rate,"coed dorms
apartments for married students
apartment for single students
special housing for disabled students
cooperative housing
wellness housing
other housing options
",91+ Sports Teams,"$64,287",https://www.usnews.com/best-colleges/princeton-university-2627
1,Massachusetts Institute of Technology,"Massachusetts Institute of Technology is a private institution that was founded in 1861. It has a total undergraduate enrollment of 4,657 (fall 2022), its setting is urban, and the campus size is 168 acres. It utilizes a 4-1-4-based academic calendar. Massachusetts Institute of Technology's ranking in the 2024 edition of Best Colleges is National Universities, #2. Its tuition and fees are $60,156.",['#2 in National Universities #6 in Best Value Schools #2 in Business Programs (tie)'],"['89% 4-Year Graduation Rate', '3:1 Student/Faculty Ratio', '71% Classes With Fewer Than 20 Students']","$5,084","4,657","SAT Range : 1520-1580 , ACT Range : 35-36 , High School GPA : N/A",Jan. 1 Application Deadline,4% Acceptance Rate,"coed dorms
women's dorms
sorority housing
fraternity housing
apartments for married students
apartment for single students
special housing for disabled students
cooperative housing
theme housing
other housing options
",81+ Sports Teams,"$102,988",https://www.usnews.com/best-colleges/massachusetts-institute-of-technology-2178
2,Harvard University,"Harvard University is a private institution that was founded in 1636. It has a total undergraduate enrollment of 7,240 (fall 2022), and the campus size is 5,076 acres. It utilizes a semester-based academic calendar. Harvard University's ranking in the 2024 edition of Best Colleges is National Universities, #3. Its tuition and fees are $59,076.",['#3 in National Universities (tie) #1 in Best Value Schools #30 in Engineering Programs (doctorate) (tie)'],"['87% 4-Year Graduation Rate', '7:1 Student/Faculty Ratio', '71% Classes With Fewer Than 20 Students']","$13,259","7,240","SAT Range : 1490-1580 , ACT Range : 34-36 , High School GPA : 3.9",Jan. 1 Application Deadline,3% Acceptance Rate,"coed dorms
apartments for married students
apartment for single students
special housing for disabled students
cooperative housing
",111+ Sports Teams,"$86,549",https://www.usnews.com/best-colleges/harvard-university-2155
3,Stanford University,"Stanford University is a private institution that was founded in 1885. It has a total undergraduate enrollment of 8,049 (fall 2022), its setting is suburban, and the campus size is 8,180 acres. It utilizes a quarter-based academic calendar. Stanford University's ranking in the 2024 edition of Best Colleges is National Universities, #3. Its tuition and fees are $62,484.",['#3 in National Universities (tie) #4 in Best Value Schools #2 in Engineering Programs (doctorate)'],"['73% 4-Year Graduation Rate', '6:1 Student/Faculty Ratio', '69% Classes With Fewer Than 20 Students']","$7,200","8,049","SAT Range : 1500-1580 , ACT Range : 33-35 , High School GPA : 3.9",Jan. 5 Application Deadline,4% Acceptance Rate,"coed dorms
sorority housing
fraternity housing
apartments for married students
apartment for single students
special housing for disabled students
cooperative housing
theme housing
wellness housing
other housing options
",112+ Sports Teams,"$77,677",https://www.usnews.com/best-colleges/stanford-university-1305
4,Yale University,"Yale University is a private institution that was founded in 1701. It has a total undergraduate enrollment of 6,645 (fall 2022), its setting is city, and the campus size is 373 acres. It utilizes a semester-based academic calendar. Yale University's ranking in the 2024 edition of Best Colleges is National Universities, #5. Its tuition and fees are $64,700.",['#5 in National Universities #3 in Best Value Schools #37 in Engineering Programs (doctorate) (tie)'],"['88% 4-Year Graduation Rate', '6:1 Student/Faculty Ratio', '73% Classes With Fewer Than 20 Students']","$16,341","6,645","SAT Range : 1500-1580 , ACT Range : 33-35 , High School GPA : N/A",Jan. 2 Application Deadline,5% Acceptance Rate,"coed dorms
special housing for disabled students
",119+ Sports Teams,"$60,511",https://www.usnews.com/best-colleges/yale-university-1426
5,University of Pennsylvania,"University of Pennsylvania is a private institution that was founded in 1740. It has a total undergraduate enrollment of 9,760 (fall 2022), its setting is urban, and the campus size is 299 acres. It utilizes a semester-based academic calendar. University of Pennsylvania's ranking in the 2024 edition of Best Colleges is National Universities, #6. Its tuition and fees are $66,104.",['#6 in National Universities #13 in Best Value Schools #1 in Business Programs'],"['88% 4-Year Graduation Rate', '8:1 Student/Faculty Ratio', '59% Classes With Fewer Than 20 Students']","$14,851","9,760","SAT Range : 1500-1570 , ACT Range : 34-35 , High School GPA : 3.9",Jan. 5 Application Deadline,7% Acceptance Rate,"coed dorms
sorority housing
fraternity housing
apartments for married students
apartment for single students
special housing for disabled students
theme housing
",29+ Sports Teams,"$76,746",https://www.usnews.com/best-colleges/university-of-pennsylvania-3378
6,California Institute of Technology,"California Institute of Technology is a private institution that was founded in 1891. It has a total undergraduate enrollment of 982 (fall 2022), its setting is suburban, and the campus size is 124 acres. It utilizes a quarter-based academic calendar. California Institute of Technology's ranking in the 2024 edition of Best Colleges is National Universities, #7. Its tuition and fees are $63,255.",['#7 in National Universities (tie) #10 in Best Value Schools #5 in Engineering Programs (doctorate) (tie)'],"['81% 4-Year Graduation Rate', '3:1 Student/Faculty Ratio', '71% Classes With Fewer Than 20 Students']","$29,279",982,"SAT Range : N/A , ACT Range : N/A , High School GPA : N/A",Jan. 3 Application Deadline,3% Acceptance Rate,"coed dorms
apartments for married students
special housing for disabled students
theme housing
",44+ Sports Teams,"$86,037",https://www.usnews.com/best-colleges/california-institute-of-technology-1131
7,Duke University,"Duke University is a private institution that was founded in 1838. It has a total undergraduate enrollment of 6,640 (fall 2022), and the campus size is 8,693 acres. It utilizes a semester-based academic calendar. Duke University's ranking in the 2024 edition of Best Colleges is National Universities, #7. Its tuition and fees are $66,172.",['#7 in National Universities (tie) #17 in Best Value Schools #19 in Engineering Programs (doctorate) (tie)'],"['91% 4-Year Graduation Rate', '5:1 Student/Faculty Ratio', '71% Classes With Fewer Than 20 Students']","$31,416","6,640","SAT Range : 1490-1570 , ACT Range : 34-35 , High School GPA : N/A",Jan. 3 Application Deadline,6% Acceptance Rate,"coed dorms
women's dorms
men's dorms
apartment for single students
theme housing
wellness housing
",82+ Sports Teams,"$69,932",https://www.usnews.com/best-colleges/duke-university-2920
8,Brown University,"Brown University is a private institution that was founded in 1764. It has a total undergraduate enrollment of 7,639 (fall 2022), its setting is city, and the campus size is 146 acres. It utilizes a semester-based academic calendar. Brown University's ranking in the 2024 edition of Best Colleges is National Universities, #9. Its tuition and fees are $68,230.",['#9 in National Universities (tie) #11 in Best Value Schools #37 in Engineering Programs (doctorate) (tie)'],"['85% 4-Year Graduation Rate', '6:1 Student/Faculty Ratio', '69% Classes With Fewer Than 20 Students']","$26,308","7,639","SAT Range : 1490-1580 , ACT Range : 34-36 , High School GPA : N/A",Jan. 3 Application Deadline,5% Acceptance Rate,"coed dorms
sorority housing
fraternity housing
apartment for single students
cooperative housing
theme housing
wellness housing
other housing options
",90+ Sports Teams,"$54,465",https://www.usnews.com/best-colleges/brown-university-3401
9,Johns Hopkins University,"Johns Hopkins University is a private institution that was founded in 1876. It has a total undergraduate enrollment of 6,044 (fall 2022), its setting is urban, and the campus size is 140 acres. It utilizes a semester-based academic calendar. Johns Hopkins University's ranking in the 2024 edition of Best Colleges is National Universities, #9. Its tuition and fees are $63,340.",['#9 in National Universities (tie) #9 in Best Value Schools #13 in Engineering Programs (doctorate) (tie)'],"['89% 4-Year Graduation Rate', '6:1 Student/Faculty Ratio', '78% Classes With Fewer Than 20 Students']","$14,254","6,044","SAT Range : 1520-1570 , ACT Range : 34-35 , High School GPA : 3.9",Jan. 3 Application Deadline,7% Acceptance Rate,"coed dorms
apartment for single students
",77+ Sports Teams,"$78,932",https://www.usnews.com/best-colleges/jhu-2077
10,Northwestern University,"Northwestern University is a private institution that was founded in 1851. It has a total undergraduate enrollment of 8,659 (fall 2022), and the campus size is 231 acres. It utilizes a quarter-based academic calendar. Northwestern University's ranking in the 2024 edition of Best Colleges is National Universities, #9. Its tuition and fees are $65,997.",['#9 in National Universities (tie) #15 in Best Value Schools #13 in Engineering Programs (doctorate) (tie)'],"['87% 4-Year Graduation Rate', '7:1 Student/Faculty Ratio', '78% Classes With Fewer Than 20 Students']","$28,230","8,659","SAT Range : 1490-1570 , ACT Range : 33-35 , High School GPA : N/A",Jan. 2 Application Deadline,7% Acceptance Rate,"coed dorms
women's dorms
men's dorms
sorority housing
fraternity housing
theme housing
other housing options
",101+ Sports Teams,"$66,776",https://www.usnews.com/best-colleges/northwestern-university-1739
11,Columbia University,"Columbia University is a private institution that was founded in 1754. It has a total undergraduate enrollment of 8,832 (fall 2022), and the campus size is 36 acres. It utilizes a semester-based academic calendar. Columbia University's ranking in the 2024 edition of Best Colleges is National Universities, #12. Its tuition and fees are $65,524.",['#12 in National Universities (tie) #19 in Engineering Programs (doctorate) (tie) in Computer Science'],"['88% 4-Year Graduation Rate', '6:1 Student/Faculty Ratio', 'N/A Classes With Fewer Than 20 Students']","$12,836","8,832","SAT Range : 1470-1570 , ACT Range : 34-35 , High School GPA : N/A",Jan. 1 Application Deadline,4% Acceptance Rate,"coed dorms
women's dorms
sorority housing
fraternity housing
special housing for disabled students
cooperative housing
theme housing
wellness housing
other housing options
",76+ Sports Teams,"$70,664",https://www.usnews.com/best-colleges/columbia-university-2707
12,Cornell University,"Cornell University is a private institution that was founded in 1865. It has a total undergraduate enrollment of 15,735 (fall 2022), its setting is rural, and the campus size is 745 acres. It utilizes a semester-based academic calendar. Cornell University's ranking in the 2024 edition of Best Colleges is National Universities, #12. Its tuition and fees are $66,014.",['#12 in National Universities (tie) #20 in Best Value Schools #8 in Business Programs (tie)'],"['89% 4-Year Graduation Rate', '9:1 Student/Faculty Ratio', '55% Classes With Fewer Than 20 Students']","$29,011","15,735","SAT Range : 1470-1570 , ACT Range : 33-35 , High School GPA : N/A",Jan. 2 Application Deadline,7% Acceptance Rate,"coed dorms
women's dorms
sorority housing
fraternity housing
apartments for married students
apartment for single students
special housing for disabled students
special housing for international students
cooperative housing
theme housing
other housing options
",104+ Sports Teams,"$66,972",https://www.usnews.com/best-colleges/cornell-university-2711
13,University of Chicago,"University of Chicago is a private institution that was founded in 1890. It has a total undergraduate enrollment of 7,470 (fall 2022), its setting is urban, and the campus size is 217 acres. It utilizes a quarter-based academic calendar. University of Chicago's ranking in the 2024 edition of Best Colleges is National Universities, #12. Its tuition and fees are $65,619.",['#12 in National Universities (tie) #12 in Best Value Schools in Computer Science'],"['89% 4-Year Graduation Rate', '5:1 Student/Faculty Ratio', '77% Classes With Fewer Than 20 Students']","$22,690","7,470","SAT Range : 1500-1580 , ACT Range : 34-35 , High School GPA : N/A",Jan. 2 Application Deadline,5% Acceptance Rate,"coed dorms
apartment for single students
special housing for disabled students
",81+ Sports Teams,"$69,111",https://www.usnews.com/best-colleges/university-of-chicago-1774
14,"University of California, Berkeley","University of California, Berkeley is a public institution that was founded in 1868. It has a total undergraduate enrollment of 32,831 (fall 2022), its setting is city, and the campus size is 1,232 acres. It utilizes a semester-based academic calendar. University of California, Berkeley's ranking in the 2024 edition of Best Colleges is National Universities, #15. Its in-state tuition and fees are $15,891; out-of-state tuition and fees are $48,465.",['#15 in National Universities (tie) #1 in Top Public Schools (tie) #184 in Best Value Schools'],"['82% 4-Year Graduation Rate', '19:1 Student/Faculty Ratio', '50% Classes With Fewer Than 20 Students']","$15,240","32,831","SAT Range : N/A , ACT Range : N/A , High School GPA : 3.9",Nov. 30 Application Deadline,11% Acceptance Rate,"coed dorms
women's dorms
sorority housing
fraternity housing
apartments for married students
apartment for single students
special housing for disabled students
special housing for international students
cooperative housing
theme housing
wellness housing
other housing options
",28+ Sports Teams,"$54,348",https://www.usnews.com/best-colleges/university-of-california-berkeley-1312
15,"University of California, Los Angeles","University of California, Los Angeles is a public institution that was founded in 1919. It has a total undergraduate enrollment of 32,423 (fall 2022), its setting is urban, and the campus size is 419 acres. It utilizes a quarter-based academic calendar. University of California, Los Angeles' ranking in the 2024 edition of Best Colleges is National Universities, #15. Its in-state tuition and fees are $13,752; out-of-state tuition and fees are $46,326.",['#15 in National Universities (tie) #1 in Top Public Schools (tie) #129 in Best Value Schools'],"['84% 4-Year Graduation Rate', '19:1 Student/Faculty Ratio', '49% Classes With Fewer Than 20 Students']","$11,627","32,423","SAT Range : N/A , ACT Range : N/A , High School GPA : 3.9",Nov. 30 Application Deadline,9% Acceptance Rate,"coed dorms
sorority housing
fraternity housing
apartments for married students
apartment for single students
special housing for disabled students
cooperative housing
theme housing
wellness housing
",125+ Sports Teams,"$39,803",https://www.usnews.com/best-colleges/ucla-1315
16,Rice University,"Rice University is a private institution that was founded in 1912. It has a total undergraduate enrollment of 4,494 (fall 2022), its setting is urban, and the campus size is 300 acres. It utilizes a semester-based academic calendar. Rice University's ranking in the 2024 edition of Best Colleges is National Universities, #17. Its tuition and fees are $58,128.",['#17 in National Universities #5 in Best Value Schools in Business Programs'],"['88% 4-Year Graduation Rate', '6:1 Student/Faculty Ratio', '66% Classes With Fewer Than 20 Students']","$17,805","4,494","SAT Range : 1490-1570 , ACT Range : 34-36 , High School GPA : N/A",Jan. 4 Application Deadline,9% Acceptance Rate,"coed dorms
special housing for disabled students
wellness housing
other housing options
",90+ Sports Teams,"$69,373",https://www.usnews.com/best-colleges/rice-3604
17,Dartmouth College,"Dartmouth College is a private institution that was founded in 1769. It has a total undergraduate enrollment of 4,458 (fall 2022), its setting is rural, and the campus size is 237 acres. It utilizes a quarter-based academic calendar. Dartmouth College's ranking in the 2024 edition of Best Colleges is National Universities, #18. Its tuition and fees are $65,511.",['#18 in National Universities (tie) #8 in Best Value Schools #53 in Engineering Programs (doctorate) (tie)'],"['84% 4-Year Graduation Rate', '7:1 Student/Faculty Ratio', '62% Classes With Fewer Than 20 Students']","$33,023","4,458","SAT Range : 1500-1580 , ACT Range : 33-35 , High School GPA : N/A",Jan. 3 Application Deadline,6% Acceptance Rate,"coed dorms
sorority housing
fraternity housing
apartment for single students
special housing for disabled students
cooperative housing
theme housing
",100+ Sports Teams,"$60,840",https://www.usnews.com/best-colleges/dartmouth-college-2573
18,Vanderbilt University,"Vanderbilt University is a private institution that was founded in 1873. It has a total undergraduate enrollment of 7,151 (fall 2022), its setting is urban, and the campus size is 333 acres. It utilizes a semester-based academic calendar. Vanderbilt University's ranking in the 2024 edition of Best Colleges is National Universities, #18. Its tuition and fees are $63,946.",['#18 in National Universities (tie) #7 in Best Value Schools #37 in Engineering Programs (doctorate) (tie)'],"['89% 4-Year Graduation Rate', '7:1 Student/Faculty Ratio', '61% Classes With Fewer Than 20 Students']","$22,204","7,151","SAT Range : 1490-1570 , ACT Range : 34-35 , High School GPA : 3.9",Jan. 1 Application Deadline,7% Acceptance Rate,"coed dorms
women's dorms
men's dorms
special housing for disabled students
theme housing
",90+ Sports Teams,"$59,743",https://www.usnews.com/best-colleges/vanderbilt-3535
19,University of Notre Dame,"University of Notre Dame is a private institution that was founded in 1842. It has a total undergraduate enrollment of 8,971 (fall 2022), its setting is suburban, and the campus size is 1,265 acres. It utilizes a semester-based academic calendar. University of Notre Dame's ranking in the 2024 edition of Best Colleges is National Universities, #20. Its tuition and fees are $62,693.",['#20 in National Universities #19 in Best Value Schools in Business Programs'],"['94% 4-Year Graduation Rate', '9:1 Student/Faculty Ratio', '60% Classes With Fewer Than 20 Students']","$32,369","8,971","SAT Range : 1420-1550 , ACT Range : 32-35 , High School GPA : N/A",Jan. 1 Application Deadline,13% Acceptance Rate,"women's dorms
men's dorms
",137+ Sports Teams,"$65,627",https://www.usnews.com/best-colleges/university-of-notre-dame-1840
20,University of Michigan--Ann Arbor,"University of Michigan—Ann Arbor is a public institution that was founded in 1817. It has a total undergraduate enrollment of 32,695 (fall 2022), its setting is city, and the campus size is 3,207 acres. It utilizes a trimester-based academic calendar. University of Michigan—Ann Arbor's ranking in the 2024 edition of Best Colleges is National Universities, #21. Its in-state tuition and fees are $17,786; out-of-state tuition and fees are $57,273.",['#21 in National Universities #3 in Top Public Schools #68 in Best Value Schools'],"['81% 4-Year Graduation Rate', '15:1 Student/Faculty Ratio', '56% Classes With Fewer Than 20 Students']","$17,086","32,695","SAT Range : 1350-1530 , ACT Range : 31-34 , High School GPA : 3.9",Feb. 1 Application Deadline,18% Acceptance Rate,"coed dorms
women's dorms
sorority housing
fraternity housing
apartments for married students
apartment for single students
special housing for disabled students
cooperative housing
theme housing
wellness housing
other housing options
",119+ Sports Teams,"$59,818",https://www.usnews.com/best-colleges/university-of-michigan-ann-arbor-9092
21,Georgetown University,"Georgetown University is a private institution that was founded in 1789. It has a total undergraduate enrollment of 7,900 (fall 2022), its setting is urban, and the campus size is 104 acres. It utilizes a semester-based academic calendar. Georgetown University's ranking in the 2024 edition of Best Colleges is National Universities, #22. Its tuition and fees are $65,082.",['#22 in National Universities (tie) #50 in Best Value Schools in Business Programs'],"['91% 4-Year Graduation Rate', '11:1 Student/Faculty Ratio', '61% Classes With Fewer Than 20 Students']","$24,570","7,900","SAT Range : 1390-1560 , ACT Range : 32-35 , High School GPA : N/A",Jan. 10 Application Deadline,12% Acceptance Rate,"coed dorms
apartment for single students
theme housing
",86+ Sports Teams,"$69,193",https://www.usnews.com/best-colleges/georgetown-university-1445
22,University of North Carolina at Chapel Hill,"University of North Carolina at Chapel Hill is a public institution that was founded in 1789. It has a total undergraduate enrollment of 20,210 (fall 2022), and the campus size is 729 acres. It utilizes a semester-based academic calendar. University of North Carolina at Chapel Hill's ranking in the 2024 edition of Best Colleges is National Universities, #22. Its in-state tuition and fees are $8,998; out-of-state tuition and fees are $39,338.",['#22 in National Universities (tie) #4 in Top Public Schools #14 in Best Value Schools'],"['85% 4-Year Graduation Rate', '15:1 Student/Faculty Ratio', '44% Classes With Fewer Than 20 Students']","$13,263","20,210","SAT Range : 1350-1530 , ACT Range : 30-34 , High School GPA : N/A",Jan. 15 Application Deadline,17% Acceptance Rate,"coed dorms
women's dorms
men's dorms
sorority housing
fraternity housing
apartments for married students
apartment for single students
special housing for disabled students
special housing for international students
theme housing
wellness housing
other housing options
",130+ Sports Teams,"$46,617",https://www.usnews.com/best-colleges/unc-2974
23,Carnegie Mellon University,"Carnegie Mellon University is a private institution that was founded in 1900. It has a total undergraduate enrollment of 7,509 (fall 2022), and the campus size is 157 acres. It utilizes a semester-based academic calendar. Carnegie Mellon University's ranking in the 2024 edition of Best Colleges is National Universities, #24. Its tuition and fees are $63,829.",['#24 in National Universities (tie) #24 in Best Value Schools #7 in Business Programs'],"['76% 4-Year Graduation Rate', '6:1 Student/Faculty Ratio', '70% Classes With Fewer Than 20 Students']","$37,846","7,509","SAT Range : 1490-1570 , ACT Range : 34-35 , High School GPA : 3.9",Jan. 1 Application Deadline,11% Acceptance Rate,"coed dorms
women's dorms
men's dorms
sorority housing
fraternity housing
apartment for single students
special housing for disabled students
theme housing
wellness housing
",76+ Sports Teams,"$86,423",https://www.usnews.com/best-colleges/carnegie-mellon-university-3242
24,Emory University,"Emory University is a private institution that was founded in 1836. It has a total undergraduate enrollment of 7,101 (fall 2022), and the campus size is 631 acres. It utilizes a semester-based academic calendar. Emory University's ranking in the 2024 edition of Best Colleges is National Universities, #24. Its tuition and fees are $60,774.",['#24 in National Universities (tie) #21 in Best Value Schools in Business Programs'],"['83% 4-Year Graduation Rate', '9:1 Student/Faculty Ratio', '58% Classes With Fewer Than 20 Students']","$25,424","7,101","SAT Range : 1430-1550 , ACT Range : 32-34 , High School GPA : 3.8",Jan. 1 Application Deadline,11% Acceptance Rate,"coed dorms
sorority housing
fraternity housing
apartment for single students
theme housing
",72+ Sports Teams,"$57,366",https://www.usnews.com/best-colleges/emory-university-1564
25,University of Virginia,"University of Virginia is a public institution that was founded in 1819. It has a total undergraduate enrollment of 17,496 (fall 2022), and the campus size is 1,682 acres. It utilizes a semester-based academic calendar. University of Virginia's ranking in the 2024 edition of Best Colleges is National Universities, #24. Its in-state tuition and fees are $22,323; out-of-state tuition and fees are $58,950.",['#24 in National Universities (tie) #5 in Top Public Schools #26 in Best Value Schools'],"['91% 4-Year Graduation Rate', '15:1 Student/Faculty Ratio', '49% Classes With Fewer Than 20 Students']","$20,507","17,496","SAT Range : 1400-1540 , ACT Range : 32-34 , High School GPA : N/A",Jan. 5 Application Deadline,19% Acceptance Rate,"coed dorms
sorority housing
fraternity housing
apartments for married students
apartment for single students
special housing for international students
other housing options
",50+ Sports Teams,"$58,760",https://www.usnews.com/best-colleges/uva-6968
26,Washington University in St. Louis,"Washington University in St. Louis is a private institution that was founded in 1853. It has a total undergraduate enrollment of 8,132 (fall 2022), its setting is city, and the campus size is 169 acres. It utilizes a semester-based academic calendar. Washington University in St. Louis' ranking in the 2024 edition of Best Colleges is National Universities, #24. Its tuition and fees are $62,982.",['#24 in National Universities (tie) #18 in Best Value Schools in Business Programs'],"['88% 4-Year Graduation Rate', '7:1 Student/Faculty Ratio', '66% Classes With Fewer Than 20 Students']","$27,595","8,132","SAT Range : 1500-1570 , ACT Range : 33-35 , High School GPA : N/A",Jan. 3 Application Deadline,11% Acceptance Rate,"coed dorms
fraternity housing
apartments for married students
apartment for single students
special housing for disabled students
special housing for international students
theme housing
other housing options
",103+ Sports Teams,"$56,841",https://www.usnews.com/best-colleges/washington-university-in-st-louis-2520
27,"University of California, Davis","University of California, Davis is a public institution that was founded in 1905. It has a total undergraduate enrollment of 31,532 (fall 2022), and the campus size is 5,300 acres. It utilizes a quarter-based academic calendar. University of California, Davis' ranking in the 2024 edition of Best Colleges is National Universities, #28. Its in-state tuition and fees are $15,266; out-of-state tuition and fees are $46,043.",['#28 in National Universities (tie) #6 in Top Public Schools (tie) #205 in Best Value Schools'],"['66% 4-Year Graduation Rate', '21:1 Student/Faculty Ratio', 'N/A Classes With Fewer Than 20 Students']","$14,920","31,532","SAT Range : N/A , ACT Range : N/A , High School GPA : N/A",Nov. 30 Application Deadline,37% Acceptance Rate,"coed dorms
women's dorms
apartments for married students
apartment for single students
special housing for disabled students
cooperative housing
theme housing
wellness housing
other housing options
",51+ Sports Teams,"$39,866",https://www.usnews.com/best-colleges/university-of-california-davis-1313
28,"University of California, San Diego","University of California, San Diego is a public institution that was founded in 1960. It has a total undergraduate enrollment of 33,096 (fall 2022), its setting is urban, and the campus size is 1,976 acres. It utilizes a quarter-based academic calendar. University of California, San Diego's ranking in the 2024 edition of Best Colleges is National Universities, #28. Its in-state tuition and fees are $16,056; out-of-state tuition and fees are $48,630.",['#28 in National Universities (tie) #6 in Top Public Schools (tie) #182 in Best Value Schools'],"['72% 4-Year Graduation Rate', '19:1 Student/Faculty Ratio', '45% Classes With Fewer Than 20 Students']","$14,895","33,096","SAT Range : N/A , ACT Range : N/A , High School GPA : 3.9",Nov. 30 Application Deadline,24% Acceptance Rate,"coed dorms
women's dorms
men's dorms
sorority housing
fraternity housing
apartments for married students
apartment for single students
special housing for disabled students
special housing for international students
cooperative housing
theme housing
wellness housing
other housing options
",93+ Sports Teams,"$44,276",https://www.usnews.com/best-colleges/university-of-california-san-diego-1317
29,University of Florida,"University of Florida is a public institution that was founded in 1853. It has a total undergraduate enrollment of 34,552 (fall 2022), its setting is city, and the campus size is 2,000 acres. It utilizes a semester-based academic calendar. University of Florida's ranking in the 2024 edition of Best Colleges is National Universities, #28. Its in-state tuition and fees are $6,381; out-of-state tuition and fees are $28,658.",['#28 in National Universities (tie) #6 in Top Public Schools (tie) #83 in Best Value Schools'],"['72% 4-Year Graduation Rate', '16:1 Student/Faculty Ratio', '53% Classes With Fewer Than 20 Students']","$3,679","34,552","SAT Range : 1300-1490 , ACT Range : 28-33 , High School GPA : 3.9",March 1 Application Deadline,23% Acceptance Rate,"coed dorms
sorority housing
fraternity housing
apartments for married students
apartment for single students
special housing for disabled students
special housing for international students
theme housing
wellness housing
other housing options
",121+ Sports Teams,"$45,803",https://www.usnews.com/best-colleges/university-of-florida-1535
30,University of Southern California,"University of Southern California is a private institution that was founded in 1880. It has a total undergraduate enrollment of 20,699 (fall 2022), its setting is urban, and the campus size is 226 acres. It utilizes a semester-based academic calendar. University of Southern California's ranking in the 2024 edition of Best Colleges is National Universities, #28. Its tuition and fees are $68,237.",['#28 in National Universities (tie) #61 in Best Value Schools #8 in Business Programs (tie)'],"['79% 4-Year Graduation Rate', '9:1 Student/Faculty Ratio', '62% Classes With Fewer Than 20 Students']","$25,972","20,699","SAT Range : 1450-1550 , ACT Range : 32-35 , High School GPA : 3.8",Jan. 15 Application Deadline,12% Acceptance Rate,"coed dorms
sorority housing
fraternity housing
apartments for married students
apartment for single students
special housing for disabled students
",106+ Sports Teams,"$57,711",https://www.usnews.com/best-colleges/university-of-southern-california-1328
31,University of Texas at Austin,"University of Texas at Austin is a public institution that was founded in 1883. It has a total undergraduate enrollment of 41,309 (fall 2022), its setting is urban, and the campus size is 431 acres. It utilizes a semester-based academic calendar. University of Texas at Austin's ranking in the 2024 edition of Best Colleges is National Universities, #32. Its in-state tuition and fees are $11,698; out-of-state tuition and fees are $41,070.",['#32 in National Universities #9 in Top Public Schools #173 in Best Value Schools'],"['72% 4-Year Graduation Rate', '18:1 Student/Faculty Ratio', '39% Classes With Fewer Than 20 Students']","$17,519","41,309","SAT Range : N/A , ACT Range : 29-34 , High School GPA : N/A",Dec. 1 Application Deadline,31% Acceptance Rate,"coed dorms
women's dorms
men's dorms
apartments for married students
apartment for single students
special housing for disabled students
special housing for international students
theme housing
wellness housing
",114+ Sports Teams,"$48,212",https://www.usnews.com/best-colleges/university-of-texas-at-austin-3658
32,Georgia Institute of Technology,"Georgia Institute of Technology is a public institution that was founded in 1885. It has a total undergraduate enrollment of 18,415 (fall 2022), its setting is urban, and the campus size is 400 acres. It utilizes a semester-based academic calendar. Georgia Institute of Technology's ranking in the 2024 edition of Best Colleges is National Universities, #33. Its in-state tuition and fees are $11,764; out-of-state tuition and fees are $32,876.",['#33 in National Universities (tie) #10 in Top Public Schools (tie) #94 in Best Value Schools'],"['56% 4-Year Graduation Rate', '22:1 Student/Faculty Ratio', '30% Classes With Fewer Than 20 Students']","$14,820","18,415","SAT Range : 1370-1550 , ACT Range : 31-35 , High School GPA : N/A",Jan. 4 Application Deadline,17% Acceptance Rate,"coed dorms
women's dorms
sorority housing
fraternity housing
apartments for married students
apartment for single students
special housing for disabled students
special housing for international students
other housing options
",98+ Sports Teams,"$80,777",https://www.usnews.com/best-colleges/georgia-institute-of-technology-1569
33,"University of California, Irvine","University of California, Irvine is a public institution that was founded in 1965. It has a total undergraduate enrollment of 28,661 (fall 2022), its setting is suburban, and the campus size is 1,475 acres. It utilizes a quarter-based academic calendar. University of California, Irvine's ranking in the 2024 edition of Best Colleges is National Universities, #33. Its in-state tuition and fees are $15,185; out-of-state tuition and fees are $47,759.",['#33 in National Universities (tie) #10 in Top Public Schools (tie) #190 in Best Value Schools'],"['73% 4-Year Graduation Rate', '18:1 Student/Faculty Ratio', '56% Classes With Fewer Than 20 Students']","$9,691","28,661","SAT Range : N/A , ACT Range : N/A , High School GPA : N/A",Nov. 30 Application Deadline,21% Acceptance Rate,"coed dorms
women's dorms
men's dorms
sorority housing
fraternity housing
apartments for married students
apartment for single students
special housing for disabled students
special housing for international students
theme housing
",96+ Sports Teams,"$37,809",https://www.usnews.com/best-colleges/university-of-california-irvine-1314
34,New York University,"New York University is a private institution that was founded in 1831. It has a total undergraduate enrollment of 29,401 (fall 2022), and the setting is Urban. It utilizes a semester-based academic calendar. New York University's ranking in the 2024 edition of Best Colleges is National Universities, #35. Its tuition and fees are $60,438.",['#35 in National Universities (tie) #66 in Best Value Schools #5 in Business Programs (tie)'],"['78% 4-Year Graduation Rate', '8:1 Student/Faculty Ratio', '59% Classes With Fewer Than 20 Students']","$39,565","29,401","SAT Range : 1470-1570 , ACT Range : 33-35 , High School GPA : 3.8",Jan. 5 Application Deadline,12% Acceptance Rate,"coed dorms
sorority housing
fraternity housing
apartment for single students
special housing for disabled students
special housing for international students
cooperative housing
theme housing
wellness housing
other housing options
",64+ Sports Teams,"$56,395",https://www.usnews.com/best-colleges/nyu-2785
35,"University of California, Santa Barbara","University of California, Santa Barbara is a public institution that was founded in 1909. It has a total undergraduate enrollment of 23,460 (fall 2022), its setting is suburban, and the campus size is 989 acres. It utilizes a quarter-based academic calendar. University of California, Santa Barbara's ranking in the 2024 edition of Best Colleges is National Universities, #35. Its in-state tuition and fees are $14,881; out-of-state tuition and fees are $45,658.",['#35 in National Universities (tie) #12 in Top Public Schools (tie) #207 in Best Value Schools'],"['73% 4-Year Graduation Rate', '17:1 Student/Faculty Ratio', '57% Classes With Fewer Than 20 Students']","$15,458","23,460","SAT Range : N/A , ACT Range : N/A , High School GPA : 3.9",Nov. 30 Application Deadline,26% Acceptance Rate,"coed dorms
sorority housing
fraternity housing
apartments for married students
apartment for single students
special housing for international students
cooperative housing
theme housing
wellness housing
",94+ Sports Teams,"$36,242",https://www.usnews.com/best-colleges/university-of-california-santa-barbara-1320
36,University of Illinois Urbana-Champaign,"University of Illinois Urbana-Champaign is a public institution that was founded in 1867. It has a total undergraduate enrollment of 35,120 (fall 2022), its setting is city, and the campus size is 1,783 acres. It utilizes a semester-based academic calendar. University of Illinois Urbana-Champaign's ranking in the 2024 edition of Best Colleges is National Universities, #35. Its in-state tuition and fees are $17,572; out-of-state tuition and fees are $36,068.",['#35 in National Universities (tie) #12 in Top Public Schools (tie) #150 in Best Value Schools'],"['72% 4-Year Graduation Rate', '21:1 Student/Faculty Ratio', '39% Classes With Fewer Than 20 Students']","$15,483","35,120","SAT Range : 1340-1530 , ACT Range : 29-34 , High School GPA : N/A",Jan. 5 Application Deadline,45% Acceptance Rate,"coed dorms
women's dorms
men's dorms
sorority housing
fraternity housing
apartments for married students
apartment for single students
special housing for disabled students
cooperative housing
theme housing
wellness housing
other housing options
",82+ Sports Teams,"$50,616",https://www.usnews.com/best-colleges/university-of-illinois-urbanachampaign-1775
37,University of Wisconsin--Madison,"University of Wisconsin—Madison is a public institution that was founded in 1848. It has a total undergraduate enrollment of 37,230 (fall 2022), and the campus size is 936 acres. It utilizes a semester-based academic calendar. University of Wisconsin—Madison's ranking in the 2024 edition of Best Colleges is National Universities, #35. Its in-state tuition and fees are $11,205; out-of-state tuition and fees are $40,603.",['#35 in National Universities (tie) #12 in Top Public Schools (tie) #89 in Best Value Schools'],"['72% 4-Year Graduation Rate', '18:1 Student/Faculty Ratio', '44% Classes With Fewer Than 20 Students']","$16,708","37,230","SAT Range : 1350-1510 , ACT Range : 28-33 , High School GPA : 3.8",Feb. 1 Application Deadline,49% Acceptance Rate,"coed dorms
women's dorms
men's dorms
apartments for married students
theme housing
wellness housing
other housing options
",126+ Sports Teams,"$50,967",https://www.usnews.com/best-colleges/university-of-wisconsin-3895
38,Boston College,"Boston College is a private institution that was founded in 1863. It has a total undergraduate enrollment of 9,484 (fall 2022), its setting is suburban, and the campus size is 405 acres. It utilizes a semester-based academic calendar. Boston College's ranking in the 2024 edition of Best Colleges is National Universities, #39. Its tuition and fees are $67,680.",['#39 in National Universities #51 in Best Value Schools in Business Programs'],"['88% 4-Year Graduation Rate', '11:1 Student/Faculty Ratio', '51% Classes With Fewer Than 20 Students']","$38,412","9,484","SAT Range : 1435-1540 , ACT Range : 33-35 , High School GPA : N/A",Jan. 1 Application Deadline,17% Acceptance Rate,"coed dorms
women's dorms
apartment for single students
special housing for disabled students
theme housing
wellness housing
",102+ Sports Teams,"$60,375",https://www.usnews.com/best-colleges/boston-college-2128
39,Rutgers University--New Brunswick,"Rutgers University—New Brunswick is a public institution that was founded in 1766. It has a total undergraduate enrollment of 36,344 (fall 2022), its setting is city, and the campus size is 2,656 acres. It utilizes a semester-based academic calendar. Rutgers University—New Brunswick's ranking in the 2024 edition of Best Colleges is National Universities, #40. Its in-state tuition and fees are $17,239; out-of-state tuition and fees are $36,001.",['#40 in National Universities (tie) #15 in Top Public Schools (tie) #161 in Best Value Schools'],"['70% 4-Year Graduation Rate', '15:1 Student/Faculty Ratio', '42% Classes With Fewer Than 20 Students']","$15,365","36,344","SAT Range : 1270-1480 , ACT Range : 28-33 , High School GPA : N/A",Rolling Application Deadline,66% Acceptance Rate,"coed dorms
women's dorms
sorority housing
fraternity housing
apartments for married students
apartment for single students
special housing for disabled students
special housing for international students
theme housing
wellness housing
other housing options
",111+ Sports Teams,"$49,190",https://www.usnews.com/best-colleges/rutgers-new-brunswick-6964
